url,tags
https://support.mozilla.org/questions/1275313,
https://support.mozilla.org/questions/1273006,
https://support.mozilla.org/questions/1273093,
https://support.mozilla.org/questions/1276791,
https://support.mozilla.org/questions/1274376,
https://support.mozilla.org/questions/1275933,
https://support.mozilla.org/questions/1277076,
https://support.mozilla.org/questions/1277133,
https://support.mozilla.org/questions/1277796,
https://support.mozilla.org/questions/1275173,
https://support.mozilla.org/questions/1274896,
https://support.mozilla.org/questions/1274685,
https://support.mozilla.org/questions/1275793,
https://support.mozilla.org/questions/1277276,
https://support.mozilla.org/questions/1274235,
https://support.mozilla.org/questions/1275058,
https://support.mozilla.org/questions/1273094,
https://support.mozilla.org/questions/1275987,
https://support.mozilla.org/questions/1271488,
https://support.mozilla.org/questions/1274626,
https://support.mozilla.org/questions/1275533,
https://support.mozilla.org/questions/1277053,
https://support.mozilla.org/questions/1276053,
https://support.mozilla.org/questions/1277700,
https://support.mozilla.org/questions/1274434,
https://support.mozilla.org/questions/1271412,
https://support.mozilla.org/questions/1277047,
https://support.mozilla.org/questions/1274601,
https://support.mozilla.org/questions/1271256,
https://support.mozilla.org/questions/1271243,
https://support.mozilla.org/questions/1272361,
https://support.mozilla.org/questions/1275145,
https://support.mozilla.org/questions/1271216,
https://support.mozilla.org/questions/1271300,
https://support.mozilla.org/questions/1275840,
https://support.mozilla.org/questions/1272034,
https://support.mozilla.org/questions/1271713,
https://support.mozilla.org/questions/1272504,
https://support.mozilla.org/questions/1272622,
https://support.mozilla.org/questions/1271477,
https://support.mozilla.org/questions/1277455,
https://support.mozilla.org/questions/1274931,
https://support.mozilla.org/questions/1277355,
https://support.mozilla.org/questions/1277571,
https://support.mozilla.org/questions/1272961,
https://support.mozilla.org/questions/1277566,
https://support.mozilla.org/questions/1272770,
https://support.mozilla.org/questions/1274968,
https://support.mozilla.org/questions/1275056,
https://support.mozilla.org/questions/1277858,
https://support.mozilla.org/questions/1274624,
https://support.mozilla.org/questions/1276763,
https://support.mozilla.org/questions/1271094,
https://support.mozilla.org/questions/1274478,
https://support.mozilla.org/questions/1271616,
https://support.mozilla.org/questions/1274305,
https://support.mozilla.org/questions/1275101,
https://support.mozilla.org/questions/1274417,
https://support.mozilla.org/questions/1276720,
https://support.mozilla.org/questions/1277196,
https://support.mozilla.org/questions/1276122,
https://support.mozilla.org/questions/1277490,
https://support.mozilla.org/questions/1274158,
https://support.mozilla.org/questions/1274285,
https://support.mozilla.org/questions/1274851,
https://support.mozilla.org/questions/1271917,
https://support.mozilla.org/questions/1272873,
https://support.mozilla.org/questions/1276832,
https://support.mozilla.org/questions/1275020,
https://support.mozilla.org/questions/1271148,
https://support.mozilla.org/questions/1275956,
https://support.mozilla.org/questions/1277427,
https://support.mozilla.org/questions/1271673,
https://support.mozilla.org/questions/1274484,
https://support.mozilla.org/questions/1272512,
https://support.mozilla.org/questions/1275227,
https://support.mozilla.org/questions/1276639,
https://support.mozilla.org/questions/1272058,
https://support.mozilla.org/questions/1275695,
https://support.mozilla.org/questions/1274745,
https://support.mozilla.org/questions/1274164,
https://support.mozilla.org/questions/1277593,
https://support.mozilla.org/questions/1276012,
https://support.mozilla.org/questions/1273206,
https://support.mozilla.org/questions/1272008,
https://support.mozilla.org/questions/1275261,
https://support.mozilla.org/questions/1271341,
https://support.mozilla.org/questions/1277664,
https://support.mozilla.org/questions/1271641,
https://support.mozilla.org/questions/1272666,
https://support.mozilla.org/questions/1275096,
https://support.mozilla.org/questions/1275850,
https://support.mozilla.org/questions/1272217,
https://support.mozilla.org/questions/1275176,
https://support.mozilla.org/questions/1271306,
https://support.mozilla.org/questions/1272744,
https://support.mozilla.org/questions/1274473,
https://support.mozilla.org/questions/1277031,
https://support.mozilla.org/questions/1274192,
https://support.mozilla.org/questions/1273143,
